{"summaries":[{"symbol":{"__symbol":0},"metadata":{"__symbolic":"class"},"type":{"summaryKind":1,"type":{"reference":{"__symbol":0},"diDeps":[],"lifecycleHooks":[0]},"isComponent":true,"selector":"wizard-step","inputs":{"title":"title","icon":"icon","isValid":"isValid","showNext":"showNext","showPrev":"showPrev","isActive":"isActive"},"outputs":{"onNext":"onNext","onPrev":"onPrev","onComplete":"onComplete"},"hostListeners":{},"hostProperties":{},"hostAttributes":{},"providers":[],"viewProviders":[],"queries":[],"entryComponents":[],"changeDetection":1,"template":{"animations":[],"ngContentSelectors":["*"],"encapsulation":2}}}],"symbols":[{"__symbol":0,"name":"WizardStepComponent","filePath":"/Users/Muk/repos/angular2-wizard/src/wizard-step.component.d.ts"}]}