{"summaries":[{"symbol":{"__symbol":0},"metadata":{"__symbolic":"class"},"type":{"summaryKind":1,"type":{"reference":{"__symbol":0},"diDeps":[],"lifecycleHooks":[0,4]},"isComponent":true,"selector":"form-wizard","inputs":{},"outputs":{"onStepChanged":"onStepChanged"},"hostListeners":{},"hostProperties":{},"hostAttributes":{},"providers":[],"viewProviders":[],"queries":[{"selectors":[{"identifier":{"reference":{"__symbol":1}}}],"first":false,"descendants":false,"propertyName":"wizardSteps","read":null}],"entryComponents":[],"changeDetection":1,"template":{"animations":[],"ngContentSelectors":["*"],"encapsulation":0}}}],"symbols":[{"__symbol":0,"name":"WizardComponent","filePath":"/Users/Muk/repos/angular2-wizard/src/wizard.component.d.ts"},{"__symbol":1,"name":"WizardStepComponent","filePath":"/Users/Muk/repos/angular2-wizard/src/wizard-step.component.d.ts"}]}