{"summaries":[{"symbol":{"__symbol":0},"metadata":{"__symbolic":"class"},"type":{"summaryKind":2,"type":{"reference":{"__symbol":0},"diDeps":[],"lifecycleHooks":[]},"entryComponents":[],"providers":[{"provider":{"token":{"identifier":{"reference":{"__symbol":5}}},"useClass":{"reference":{"__symbol":6},"diDeps":[{"isAttribute":false,"isHost":false,"isSelf":false,"isSkipSelf":false,"isOptional":false,"token":{"identifier":{"reference":{"__symbol":7}}}}],"lifecycleHooks":[]},"useFactory":null,"useExisting":null,"deps":[{"isAttribute":false,"isHost":false,"isSelf":false,"isSkipSelf":false,"isOptional":false,"token":{"identifier":{"reference":{"__symbol":7}}}}],"multi":false},"module":{"reference":{"__symbol":8},"diDeps":[],"lifecycleHooks":[]}}],"modules":[{"reference":{"__symbol":8},"diDeps":[],"lifecycleHooks":[]},{"reference":{"__symbol":0},"diDeps":[],"lifecycleHooks":[]}],"exportedDirectives":[{"reference":{"__symbol":2}},{"reference":{"__symbol":4}}],"exportedPipes":[]}},{"symbol":{"__symbol":1},"metadata":{"__symbol":2}},{"symbol":{"__symbol":3},"metadata":{"__symbol":4}}],"symbols":[{"__symbol":0,"name":"FormWizardModule","filePath":"/Users/Muk/repos/angular2-wizard/index.d.ts"},{"__symbol":1,"name":"WizardComponent","filePath":"/Users/Muk/repos/angular2-wizard/index.d.ts"},{"__symbol":2,"name":"WizardComponent","filePath":"/Users/Muk/repos/angular2-wizard/src/wizard.component.d.ts"},{"__symbol":3,"name":"WizardStepComponent","filePath":"/Users/Muk/repos/angular2-wizard/index.d.ts"},{"__symbol":4,"name":"WizardStepComponent","filePath":"/Users/Muk/repos/angular2-wizard/src/wizard-step.component.d.ts"},{"__symbol":5,"name":"NgLocalization","filePath":"/Users/Muk/repos/angular2-wizard/node_modules/@angular/common/src/localization.d.ts"},{"__symbol":6,"name":"NgLocaleLocalization","filePath":"/Users/Muk/repos/angular2-wizard/node_modules/@angular/common/src/localization.d.ts"},{"__symbol":7,"name":"LOCALE_ID","filePath":"/Users/Muk/repos/angular2-wizard/node_modules/@angular/core/src/i18n/tokens.d.ts"},{"__symbol":8,"name":"CommonModule","filePath":"/Users/Muk/repos/angular2-wizard/node_modules/@angular/common/src/common_module.d.ts"}]}